{"cameraMode":{"drawMode":0,"name":"Shaded","section":"Shading Mode"},"sceneLighting":true,"audioPlay":false,"sceneViewState":{"showFog":true,"showMaterialUpdate":true,"showSkybox":true,"showFlares":true,"showImageEffects":true,"showParticleSystems":true},"in2DMode":false,"pivot":{"x":433.52630615234377,"y":188.05419921875,"z":35.672325134277347},"rotation":{"x":-0.23468191921710969,"y":0.6927213668823242,"z":-0.2574334442615509,"w":-0.6314995884895325},"size":67.00053405761719,"orthographic":false}